Name,Account,Age,PhoneNumber,Email,City,Region,Country,Married,EducationLevel,Income,Average of Debit Transaction,Max of Debit Transaction,Sum of Debit Transaction,Count of Debit Transaction,Average of Credit Transaction,Max of Credit Transaction,Sum of Credit Transaction,Count of Credit Transaction,TotalOfLoan,TotalOfLoan(Outstanding),"GovStatus(Normal,Bankruptcy(current),Bankruptcy(past),PEP)",Anti bribery and corruption,Money laundering,Terrorist financing,Foreign Account Tax Compliance Act (FATCA),Fraud case
Lilah,1.63E+12,0.42,16161104-4916,Nulla@eratin.net,0.181818182,0.454545455,0.818181818,0,0,0.938143516,0.008326525,0.391457439,0.161828548,0.026780232,0.462386937,0.268215004,0.5612241,0.447510493,0.153178721,0.651866108,1,1,1,1,0,0
Sacha,1.61E+12,0.44,16700107-6855,hendrerit.neque@id.org,0.181818182,0.181818182,0.363636364,0,0,0.114217406,0.429808639,0.31419276,0.057529534,0.067004705,0.009364702,0.364645475,0.812396085,0.496291607,0.152442631,0.52422068,0.5,0,0,0,1,1
Dennis,1.62E+12,0.9,16071223-9342,sollicitudin.a.malesuada@interdumligula.co.uk,0.818181818,0.545454545,0.363636364,0,0.5,0.924734699,0.273598866,0.639325125,0.790723484,0.403747835,0.000280849,0.139913176,0.876997967,0.629355511,0.942480595,0.7655339,1,0,1,0,1,0
Channing,1.62E+12,0.28,16890426-2964,ornare.sagittis@Duis.edu,0.636363636,0.909090909,0.818181818,1,0,0.451106876,0.116140917,0.472686795,0.839181972,0.360900507,0.378859027,0.846241022,0.533845269,0.011919698,0.01383784,0.217867895,0,0,0,0,1,1
Jameson,1.67E+12,0.59,16091207-6353,morbi.tristique.senectus@tellussemmollis.net,0.272727273,0.818181818,0.818181818,0,0,0.178588747,0.05966827,0.528607146,0.89262073,0.505516889,0.443337909,0.054447814,0.130960858,0.571674733,0.184269358,0.770083422,0,0,1,1,0,0
Perry,1.68E+12,0.62,16650811-5125,iaculis.aliquet@Crasvehiculaaliquet.edu,0.909090909,0.909090909,0.090909091,0,0,0.58032321,0.530416234,0.623600825,0.440262938,0.635420787,0.209422534,0.646035025,0.22377959,0.868284377,0.156579651,0.462587649,0.5,1,1,0,0,0
Cade,1.62E+12,0.71,16060606-9482,consectetuer.rhoncus@purusgravida.ca,0.363636364,0.545454545,0.545454545,1,1,0.315406042,0.321142003,0.803615397,0.015519785,0.560784996,0.335666759,0.162975961,0.37979657,0.86748197,0.559988051,0.417262751,0,0,1,0,1,1
Roanna,1.63E+12,0.18,16700220-0876,dictum.sapien.Aenean@Nullam.ca,0.727272727,0.818181818,0.272727273,0,0,0.226337217,0.533321784,0.114936128,0.911465586,0.319970296,0.692758475,0.704846055,0.207196179,0.928674826,0.947657812,0.830690419,0,0,0,0,0,1
Dora,1.61E+12,0.42,16781224-7901,vel@nonummyacfeugiat.co.uk,0.090909091,0.545454545,0.181818182,0,0,0.750521579,0.813880012,0.303927165,0.437358252,0.013727571,0.928524475,0.919397736,0.216146354,0.265674166,0.660633679,0.188954411,0.5,0,0,1,0,1
Samson,1.63E+12,0.89,16651027-3045,cursus.luctus.ipsum@elitpellentesquea.co.uk,0.818181818,0.545454545,0.545454545,0,1,0.537096974,0.103442081,0.732026272,0.242492362,0.451875675,0.091497481,0.599811609,0.491377757,0.382507805,0.967100906,0.694227745,0.5,0,1,0,0,0
Shea,1.63E+12,0.04,16130430-1722,luctus.ipsum.leo@ascelerisque.edu,0.181818182,0.727272727,0.818181818,1,0,0.328972743,0.386099878,0.297356362,0.798308823,0.145849566,0.739476215,0.706649715,0.444387835,0.76439898,0.53534619,0.195010665,0.5,0,0,1,0,0
Dana,1.64E+12,0.6,16290127-7299,ullamcorper.Duis.cursus@sitamet.com,0.818181818,0.454545455,0.090909091,0,0,0.288881621,0.477892144,0.187923958,0.306034672,0.258357017,0.94552506,0.38651167,0.320632603,0.277819258,0.723977475,0.313792323,0.5,1,0,1,1,1
Evan,1.65E+12,0.47,16270516-1178,lobortis.Class@enim.org,0.181818182,0.181818182,0.818181818,1,1,0.699739492,0.07104401,0.304239453,0.386754506,0.253531023,0.01215557,0.279292107,0.551053869,0.007470182,0.103464239,0.139380062,0,0,0,0,1,1
Ralph,1.64E+12,0.08,16830610-4046,Ut@luctus.co.uk,0.909090909,0.727272727,0.454545455,0,0.5,0.408760277,0.87165054,0.165121231,0.291134982,0.372343209,0.032420234,0.235035896,0.124041084,0.822045217,0.072257245,0.284632563,1,0,0,1,1,1
Quincy,1.61E+12,0.18,16701003-5009,fermentum.arcu.Vestibulum@tristiquepharetraQuisque.org,0.727272727,0.272727273,0.363636364,0,0.5,0.268176333,0.067682283,0.034840041,0.118142705,0.569792876,0.788689608,0.45698752,0.926722204,0.573337957,0.096467279,0.258096628,0,1,0,0,1,0
Jared,1.61E+12,0.93,16521130-7300,Fusce@anteVivamus.ca,0.636363636,0.090909091,0.636363636,0,0,0.167830117,0.634761365,0.490135169,0.940448807,0.740517022,0.071068243,0.792876999,0.207782497,0.868243131,0.64603334,0.604949121,1,0,0,0,1,0
Stacy,1.64E+12,0.8,16561208-8608,interdum@aliquetProin.org,0.727272727,0.545454545,0.727272727,0,0,0.614200489,0.140930059,0.628118143,0.192747196,0.985456366,0.416812092,0.155415574,0.70851126,0.67815304,0.202871863,0.340002709,0.5,0,0,0,1,0
Kelly,1.60E+12,0.28,16960216-1060,vitae.risus@ultricesDuisvolutpat.com,0.545454545,0.181818182,0.818181818,1,0,0.407531041,0.993709134,0.974933735,0.922775126,0.114574222,0.852742325,0.24692747,0.134479803,0.212695694,0.129861336,0.734753897,0,1,1,0,1,1
Galvin,1.64E+12,0.56,16820526-7704,luctus.vulputate.nisi@risusNullaeget.com,0.545454545,0.363636364,0.090909091,0,0,0.200230059,0.153322089,0.957958739,0.264556367,0.980665576,0.437629418,0.337341952,0.737526594,0.750605296,0.747368134,0.931173574,1,0,0,0,1,1
Anthony,1.62E+12,0.92,16490601-8561,ipsum.sodales.purus@pretium.net,0.727272727,0.363636364,0.636363636,1,0.5,0.08382484,0.936838651,0.107378575,0.837521385,0.1113408,0.090509884,0.034410915,0.109979403,0.938215053,0.295430892,0.807638644,0.5,1,0,0,0,0
Zoe,1.63E+12,0.84,16080816-2473,vel.lectus.Cum@luctuslobortisClass.com,0.181818182,0.545454545,0.090909091,1,0,0.677038106,0.176405863,0.787082022,0.07059998,0.503801833,0.852032149,0.773978369,0.162125859,0.472480945,0.435831795,0.914645698,0.5,1,0,0,1,1
Nathan,1.66E+12,0.93,16920619-0978,nisl.elementum.purus@fringillaDonec.ca,0.454545455,0.181818182,0.727272727,0,1,0.85910029,0.038902024,0.041278138,0.288457108,0.084739071,0.15104331,0.206216169,0.547106354,0.294767498,0.052550193,0.882305912,1,1,1,1,0,0
Madison,1.68E+12,0.01,16141125-6249,molestie.tortor@Infaucibus.org,0.363636364,0.909090909,0.545454545,0,1,0.128765239,0.906851544,0.173708671,0.630254445,0.048828045,0.036616074,0.296908539,0.922630731,0.450589875,0.757370494,0.131325685,0.5,1,0,1,1,0
Jane,1.64E+12,0.9,16610429-4647,Suspendisse.aliquet@CurabiturmassaVestibulum.org,0.909090909,0.727272727,0.636363636,0,0.5,0.967746665,0.350125771,0.822022354,0.127796984,0.218963786,0.172363278,0.844558701,0.944474204,0.380147604,0.200033876,0.890796022,0,0,1,1,0,1
Theodore,1.63E+12,0.24,16661127-2581,eget.metus@Sed.net,0.727272727,1,0.636363636,0,1,0.305098508,0.950680215,0.779552013,0.004093247,0.071220206,0.774236662,0.417955978,0.329915173,0.720823766,0.662118594,0.693870956,0,1,0,1,1,1
Patrick,1.61E+12,0.42,16751017-1668,Morbi@loremfringillaornare.com,0.545454545,0.363636364,0.636363636,0,0.5,0.779572136,0.572913511,0.817586518,0.3061928,0.012763681,0.681988832,0.873161632,0.23322557,0.69776174,0.870972697,0.386730427,0,0,1,1,0,1
Amity,1.61E+12,0.98,16580817-4113,et.risus.Quisque@Fuscediam.ca,0.363636364,0.454545455,0.454545455,0,0,0.209127919,0.141332342,0.15812847,0.480142468,0.619065563,0.242146103,0.30213326,0.104106822,0.106776692,0.071469132,0.342776836,0.5,1,0,0,0,0
Elvis,1.63E+12,0.8,16130906-4911,diam.dictum@ultrices.edu,0.636363636,0.545454545,0.636363636,0,1,0.679598074,0.949115563,0.31973195,0.852471798,0.202814027,0.766429031,0.564031098,0.176179252,0.357877128,0.05369864,0.972575563,1,1,1,0,1,1
Gwendolyn,1.69E+12,0.34,16140730-7691,purus.sapien@Sed.org,0.454545455,0.636363636,0.545454545,0,1,0,0.309477062,0.162593848,0.018464167,0.969896017,0.616907375,0.947735286,0.591117922,0.499333865,0.485384048,0.734959938,0.5,1,1,0,1,0
Ignatius,1.65E+12,0,16910716-8305,Sed.eget@venenatis.org,0.272727273,0.272727273,0.363636364,0,0.5,0.26084603,0.93265758,0.806573626,0.164841393,0.584814316,0.309416241,0.804211993,0.420785508,0.77947428,0.293170159,0.637156428,0,0,1,0,0,1
Jade,1.65E+12,0.61,16961014-0684,pharetra.Quisque.ac@purusmauris.co.uk,0.181818182,0.363636364,1,0,0,0.965852063,0.586934267,0.22483743,0.674520396,0.049630794,0.761078588,0.238545161,0.329463194,0.072985526,0.763138999,0.50595666,0,0,1,0,0,1
Brianna,1.65E+12,0.07,16200821-0946,ipsum@Maecenas.ca,0.090909091,0.090909091,0.909090909,0,0.5,0.660020525,0.623658661,0.668406895,0.941514454,0.517716804,0.636800943,0.740413713,0.10082894,0.006902081,0.146756624,0.809198667,0,0,0,0,0,1
Dominic,1.62E+12,0.08,16730508-8267,Integer.aliquam@magnanec.org,0.090909091,0.636363636,0.818181818,1,0.5,0.675707374,0.053307715,0.56188782,0.293587943,0.769807748,0.66294188,0.055524638,0.944272523,0.439680084,0.282743296,0.532945889,1,0,0,0,1,1
Driscoll,1.62E+12,0.39,16241004-3349,magna@Morbisitamet.co.uk,0.818181818,0.363636364,0.727272727,0,1,0.748423985,0.595001571,0.830965668,0.73049947,0.975157941,0.961633112,0.124096074,0.69084658,0.427227127,0.885233166,0.105423499,0.5,0,0,0,1,1
Morgan,1.68E+12,0.58,16620122-4224,placerat.velit@nuncid.ca,0.636363636,0.727272727,0.727272727,1,1,0.995692037,0.584269112,0.920128434,0.143984022,0.813361011,0.076609425,0.414038989,0.952484354,0.323096921,0.473479982,0.303229439,1,0,1,0,0,0
Anastasia,1.61E+12,0.11,16510613-2854,semper@ridiculusmus.com,0.636363636,0.272727273,0.545454545,1,1,0.228491198,0.934644124,0.823625741,0.26056982,0.066075476,0.581976545,0.299417344,0.6276899,0.264305412,0.698525292,0.5262718,0.5,1,1,0,1,0
Curran,1.65E+12,0.19,16830913-3463,dictum.magna.Ut@arcuVestibulumut.com,0.727272727,0.818181818,0.818181818,1,0.5,0.267161368,0.305837068,0.765860307,0.97409401,0.483467117,0.692562693,0.468438183,0.921140875,0.318956471,0.637676322,0.67637628,0,1,1,1,1,1
Julie,1.62E+12,0.81,16320104-9685,nonummy.ultricies@metusAeneansed.net,0.454545455,1,0.181818182,1,0,0.361350129,0.791438083,0.826377012,0.747812783,0.342123325,0.82037615,0.990231538,0.881084229,0.497878883,0.592481674,0.219760934,0.5,0,1,0,0,0
Howard,1.63E+12,0.8,16830621-9570,Nulla.tincidunt.neque@enimSuspendissealiquet.ca,0.454545455,0.636363636,0.727272727,1,0,0.725451941,0.14915109,0.828705752,0.428768177,0.303084876,0.349202593,0.624341271,0.185362829,0.644709417,0.544604215,0.354133996,0.5,1,1,0,0,1
Lawrence,1.67E+12,0.11,16970101-9458,convallis.erat@egestasurnajusto.edu,0.818181818,0.636363636,0.454545455,0,1,0.981741906,0.442781252,0.947639705,0.939590138,0.375262652,0.99501907,0.786580498,0.149189284,0.24391791,0.371221802,0.644942404,0,0,0,1,0,0
Ina,1.64E+12,0.2,16270414-5313,dui.Fusce@in.net,0.545454545,0.272727273,0.545454545,1,1,0.778636112,0.62782058,0.793148858,0.045521027,0.959128693,0.691157039,0.90296833,0.545969553,0.04773877,0.436846606,0.859285637,0.5,0,0,0,0,0
Mary,1.60E+12,0.12,16760527-1753,nostra.per.inceptos@magnaa.net,0.363636364,0.727272727,0.909090909,0,0.5,0.807461121,0.601207467,0.989917758,0.425339812,0.649079728,0.424221669,0.1555883,0.608353623,0.529905726,0.245438329,0.190595215,0,0,1,1,0,1
Brendan,1.64E+12,0.15,16040613-6200,nunc.sit.amet@ettristiquepellentesque.co.uk,0.181818182,0.090909091,0.636363636,0,1,0.388539916,0.155373128,0.960677357,0.307399728,0.741241963,0.432872671,0.352905836,0.379620681,0.944696439,0.593729608,0.195812844,0,0,0,0,1,1
Fallon,1.65E+12,0.65,16151223-5019,dolor.vitae@Curae.com,0.181818182,0.363636364,0.909090909,1,0.5,0.589345122,0.386732659,0.8896748,0.479128204,0.257535705,0.360348323,0.819395723,0.607447881,0.975194019,0.955314552,0.92098054,0.5,1,1,0,1,1
Kennedy,1.60E+12,0.89,16990322-1159,ac.nulla@tellus.com,0.545454545,0.181818182,0.363636364,0,1,0.058247719,0.829833691,0.862648535,0.427658075,0.466925008,0.269812746,0.534579971,0.003377476,0.713859328,0.766917407,0.532981833,1,1,0,0,0,1
Ursula,1.68E+12,0.37,16020218-3018,augue.id.ante@euplacerat.org,0.636363636,0.545454545,0.636363636,0,0.5,0.357809029,0.119564503,0.984383366,0.417978339,0.661447729,0.27107298,0.89097243,0.648217532,0.877158781,0.890623375,0.25238535,0.5,1,0,0,1,0
Dacey,1.70E+12,0.38,16280514-4447,aliquam.adipiscing.lacus@ac.ca,0.454545455,0.181818182,0.272727273,0,1,0.93877505,0.292587043,0.697571441,0.935508323,0.550765674,0.151779884,0.855867459,0.47484021,0.758059792,0.112696533,0.528121653,0.5,0,0,0,1,0
Bertha,1.61E+12,0.43,16540112-1867,habitant.morbi@vellectusCum.ca,0.636363636,0.636363636,0.727272727,0,0.5,0.170311143,0.466294077,0.960982926,0.592092158,0.684909328,0.757586819,0.265290619,0.226849509,0.678376185,0.85570762,0.232550268,0.5,1,1,1,1,1
Cecilia,1.68E+12,0.94,16560914-0750,lorem.eu@Donec.net,0.545454545,1,0.727272727,1,0.5,0.062724843,0.343512576,0.101413088,0.95105129,0.084059629,0.291972821,0.335048628,0.048073391,0.885063486,0.221902445,0.18044691,0,0,0,1,0,1
Abigail,1.64E+12,0.9,16421103-3289,tempus.eu.ligula@feugiat.co.uk,0.363636364,0.181818182,0.909090909,1,0,0.055552423,0.782751588,0.717585681,0.657417655,0.860046772,0.045817554,0.793675443,0.487834337,0.248852962,0.318535076,0.274725932,0.5,1,0,0,0,0
Abraham,1.61E+12,0.92,16440728-5180,Phasellus.fermentum.convallis@mienimcondimentum.ca,0.818181818,0.272727273,0.272727273,1,0,0.459057436,0.196319524,0.496487137,0.495978941,0.666868867,0.907534171,0.56179209,0.661363753,0.416712763,0.371145296,0.792344077,0.5,0,0,1,1,0
Mia,1.64E+12,0.88,16670118-1403,facilisis.lorem.tristique@vehiculaetrutrum.co.uk,0.909090909,0.363636364,0.545454545,1,1,0.61436965,0.918950696,0.477039967,0.689206552,0.222321647,0.82971211,0.045165659,0.199178503,0.454829667,0.558424161,0.484614123,0.5,0,0,0,1,0
Tamekah,1.67E+12,0.1,16510910-0882,Phasellus.elit.pede@vulputate.com,0.636363636,0.818181818,0.272727273,0,0,0.015743236,0.668903384,0.755295697,0.309167867,0.800280959,0.863661938,0.876808231,0.047467799,0.697862759,0.993133032,0.126706188,0,1,0,0,1,1
Vance,1.62E+12,0.63,16660606-8556,ipsum.Curabitur.consequat@eleifend.ca,0.181818182,0.090909091,0.818181818,0,0.5,0.583447047,0.269199287,0.941062433,0.034926752,0.075393996,0.236152148,0.885647643,0.634301472,0.337709217,0.819012375,0.162966657,1,1,0,0,0,0
Lisandra,1.62E+12,0.76,16700612-0849,et.lacinia@sedorci.com,0.454545455,0.818181818,0.727272727,0,0,0.216413113,0.629454816,0.89175891,0.178929487,0.493679029,0.743335785,0.407174436,0.172622722,0.771224936,0.703687507,0.093045676,0,1,0,1,0,1
Amos,1.64E+12,0.82,16500402-0011,risus.quis.diam@in.edu,0.363636364,0.636363636,0.545454545,0,0.5,0.62210594,0.897040198,0.876549781,0.041355223,0.225831203,0.290360902,0.897896008,0.840744745,0.696433754,0.453808898,0.753241266,1,1,1,1,0,1
Ella,1.60E+12,0.72,16860205-2840,nibh.enim.gravida@ornareelitelit.net,1,0.545454545,0.272727273,0,0,0.400336066,0.899090219,0.68614258,0.479645962,0.742216911,0.283865017,0.588060104,0.648430046,0.064401467,0.811856761,0.255150097,1,1,0,1,0,1
Giselle,1.61E+12,0.54,16710930-8796,auctor@Fuscedolorquam.org,0.545454545,0.545454545,0.181818182,1,0,0.922648382,0.367124761,0.227107687,0.741059317,0.53981292,0.41975935,0.362938266,0.560254133,0.501836848,0.771354125,0.025835364,1,0,0,1,1,1
Quintessa,1.65E+12,0.76,16521005-9373,non.feugiat.nec@sollicitudincommodo.edu,0.090909091,0.272727273,0.545454545,1,0,0.979599202,0.426715577,0.108710083,0.879766562,0.40429686,0.73409331,0.513544796,0.003807852,0.865900035,0.402466953,0.19067285,0,0,0,1,1,0
Ima,1.62E+12,0.85,16010720-0503,natoque.penatibus@turpis.co.uk,0.272727273,0.090909091,0.545454545,0,1,0.713915171,0.937457592,0.242308609,0.186066516,0.671622786,0.122068876,0.016754456,0.066089564,0.848858449,0.764109477,0.771958454,0,0,1,1,1,1
Aidan,1.61E+12,0.19,16561116-6660,sodales.nisi.magna@nibhenimgravida.org,0.727272727,0.090909091,0.272727273,0,1,0.378446652,0.287021711,0.755599256,0.748251329,0.335044851,0.422259493,0.919427041,0.228941838,0.512815786,0.02952879,0.582115764,0,1,0,1,1,1
Elton,1.69E+12,0.02,16351030-7709,ornare@dolorelit.co.uk,0.181818182,0.545454545,0.545454545,0,0.5,0.181611088,0.315813893,0.296022163,0.423378926,0.380493908,0.998943786,0.616542305,0.300978211,0.231326077,0.194198282,0.701427302,1,1,1,1,0,1
Galena,1.65E+12,0.44,16650705-3772,cubilia.Curae@urna.com,0.818181818,0.454545455,0.727272727,0,0.5,0.160454704,0.434423271,0.663062738,0.042879757,0.265452495,0.389731646,0.455549486,0.556682779,0.744371657,0.086991228,0.58430764,0,1,0,0,0,0
Adena,1.61E+12,0.6,16580718-8874,id.enim.Curabitur@imperdiet.com,0.636363636,0.636363636,0.545454545,0,0.5,0.959311177,0.236285875,0.997544707,0.961340789,0.498396148,0.904378928,0.054996953,0.634893512,0.551092358,0.237762587,0.645696795,0.5,0,1,0,0,1
Felicia,1.69E+12,0.23,16180116-4037,pretium.et.rutrum@a.com,0.636363636,0.909090909,0.181818182,0,0,0.667260609,0.614395246,0.215684448,0.903482423,0.091027055,0.862525586,0.59527109,0.23355059,0.828719595,0.618091974,0.245235617,0.5,0,0,0,1,1
Rogan,1.63E+12,1,16791014-5502,accumsan.sed@dapibusgravidaAliquam.edu,0.545454545,0.545454545,0.909090909,1,0.5,0.560328398,0.160147801,0.74924786,0.310997008,0.462510549,0.266413555,0.600969165,0.126620469,0.483423599,0.285740198,0.20071669,0,1,1,1,1,0
Kirsten,1.67E+12,0.95,16770203-9046,purus.Duis@volutpatnunc.org,0.636363636,0.181818182,0.727272727,1,1,0.251147474,0.189570898,0.075550255,0.297084743,0.016183033,0.769687662,0.420178343,0.005355447,0.898572244,0.905230126,0.645531157,0,0,0,0,1,0
Ocean,1.63E+12,0.22,16161027-8762,pede.et@velitQuisquevarius.ca,0.272727273,0.363636364,0.454545455,1,1,0.952713904,0.151100977,0.197659966,0.644546141,0.70580243,0.990064257,0.157272258,0.163885838,0.413121216,0.641865476,0.088621945,0.5,1,0,1,0,1
Rhiannon,1.66E+12,0.49,16300107-0832,Quisque.varius@dictumPhasellusin.com,0.272727273,0.727272727,0.363636364,1,0.5,0.953672482,0.850789825,0.528456646,0.010253625,0.393389733,0.017500137,0.191495518,0.897850947,0.462838365,0.348850776,0.338417617,1,0,1,1,0,1
Germaine,1.65E+12,0.07,16350206-0084,feugiat@utlacusNulla.co.uk,0.545454545,0.545454545,0.272727273,0,0,0.477744071,0.403134285,0.37383418,0.498742473,0.917792752,0.73113163,0.634044345,0.997189863,0.275057041,0.093754077,0.318544933,0.5,0,1,1,1,1
Alice,1.62E+12,0.23,16811011-0239,Donec.fringilla@porttitorinterdum.net,0.545454545,0.545454545,0.545454545,1,1,0.139264489,0.937866502,0.608714857,0.813550511,0.743707633,0.145099682,0.227775759,0.739954095,0.069762383,0.226845136,0.370635724,0.5,1,0,1,0,1
Debra,1.69E+12,0.34,16981015-8726,vel.est.tempor@orciquis.ca,0.909090909,0.272727273,0.909090909,1,1,0.123780632,0.830980174,0.472668787,0.719777066,0.651462864,0.998478562,0.869161822,0.72377958,0.994787629,0.292355719,0.889217069,0.5,0,1,1,0,0
Emily,1.67E+12,0.29,16640603-9849,nec.leo@eget.com,0.272727273,1,0.363636364,0,0,1,0.46732566,0.142870914,0.920792808,0.940465407,0.822313349,0.980672156,0.273947377,0.696524556,0.078367802,0.769644105,0.5,1,1,1,1,1
Cynthia,1.63E+12,0.39,16420415-0371,mollis@velvenenatisvel.co.uk,0.090909091,0.545454545,0.909090909,1,0.5,0.431743597,0.571866267,0.778972365,0.027979607,0.623958174,0.865496334,0.719864523,0.60886575,0.347317057,0.493641274,0.987643454,0.5,0,1,0,0,0
Keegan,1.62E+12,0.19,16951118-8881,tincidunt@Fuscefermentum.edu,0.181818182,0.454545455,0.636363636,0,1,0.733819765,0.897474083,0.895412269,0.648147042,0.20701807,0.937721041,0.625890159,0.96273564,0.830242105,0.97083277,0.946543521,0,0,1,1,1,0
Virginia,1.66E+12,0.57,16790125-8405,egestas.nunc@Aliquamauctor.ca,0.363636364,0.272727273,0.818181818,1,0.5,0.968479695,0.954585987,0.641829385,0.078829335,0.106756011,0.165109554,0.451063002,0.440034734,0.900663748,0.328684142,0.195681951,0,0,0,0,1,1
Ayanna,1.68E+12,0.11,16460507-7744,diam.Sed@natoquepenatibuset.ca,0.727272727,0.545454545,0.545454545,0,0.5,0.921746191,0.907762571,0.962288871,0.759990521,0.833743177,0.302822192,0.226342792,0.632024376,0.058305665,0.103787955,0.831160168,1,1,0,1,0,1
Merritt,1.68E+12,0.13,16500911-4363,vel@tristiquealiquet.com,0.272727273,0.636363636,0.272727273,0,0.5,0.96132983,0.981884588,0.625021445,0.942538924,0.687126872,0.053221596,0.143701152,0.20685647,0.747364648,0.824718429,0.478730403,0,1,0,1,0,0
Maxwell,1.63E+12,0.69,16011029-5581,luctus@ipsumleo.com,0.909090909,0.090909091,0.454545455,0,0,0.082945203,0.450082265,0.938680827,0.074492743,0.354623059,0.894708704,0.610786057,0.167111526,0.26171491,0.093712824,0.773219694,0,0,1,1,1,0
Porter,1.63E+12,0.63,16190920-0212,nisi.nibh.lacinia@dictumeuplacerat.ca,0.727272727,0.363636364,0.090909091,0,1,0.152819911,0.198876408,0.86289288,0.603267965,0.883235674,0.850657216,0.67347333,0.441031209,0.189035193,0.488059567,0.038334364,1,0,0,0,1,0
Zephania,1.61E+12,0.34,16421215-9596,justo.eu.arcu@eleifendnec.org,0.909090909,0.545454545,0.363636364,1,0.5,0.969675098,0.743101219,0.572441209,0.339071104,0.290125541,0.441133377,0.64150969,0.450367252,0.089625018,0.479574339,0.044014253,0.5,0,1,0,0,0
Jolene,1.69E+12,0.87,16941019-5391,libero@congue.net,0.454545455,0.636363636,0.363636364,1,1,0.153383781,0.97232603,0.116721646,0.785214933,0.462145714,0.861906311,0.537535983,0.852760444,0.753658894,0.939986378,0.910895961,0,0,0,1,0,1
Jerry,1.65E+12,0.34,16010913-4155,fermentum.metus@arcu.co.uk,0.272727273,1,0.909090909,0,0.5,0.081400201,0.085323399,0.181149195,0.207295151,0.071775607,0.22355034,0.133598516,0.189479005,0.687352837,0.043028129,0.815537506,0,0,1,0,1,0
Katell,1.68E+12,0.65,16010115-3435,Cras@semper.com,0.181818182,0.454545455,0.636363636,0,0,0.665388562,0.078294429,0.857564698,0.102632888,0.041249996,0.472939511,0.276519592,0.802482639,0.359849279,0.293048748,0.899161602,0.5,1,0,1,0,0
Lamar,1.62E+12,0.88,16760427-2455,tincidunt.nunc.ac@luctusetultrices.co.uk,0.181818182,0.090909091,0.454545455,0,1,0.735579038,0.340823149,0.964454271,0.239843541,0.800382373,0.477691974,0.698350661,0.257367685,0.937552612,0.464212968,0.260393559,1,1,0,1,1,1
Hamish,1.62E+12,0.9,16910801-2221,libero.Integer.in@egestas.com,0.454545455,0.727272727,0.727272727,1,1,0.980208181,0.453792027,0.8824129,0.738026426,0.782266906,0.525013851,0.229521877,0.147673032,0.73932506,0.280189599,0.307157773,1,0,1,0,1,1
Olivia,1.67E+12,0.31,16250123-9285,mauris.Integer.sem@elitdictumeu.org,0.454545455,0.363636364,0.727272727,0,0.5,0.939936621,0.029433027,0.082825835,0.041703673,0.587510283,0.309761764,0.1522545,0.985029684,0.646760965,0.548120828,0.851215222,0,0,1,0,1,0
Desiree,1.63E+12,0.96,16440609-2991,ligula@vulputaterisus.co.uk,0.909090909,0.363636364,0.636363636,1,0.5,0.182738827,0.580951556,0.375659999,0.322488201,0.048524365,0.660061997,0.832797164,0.445930613,0.562450031,0.325103916,0.269517605,0.5,0,0,0,1,0
Barrett,1.69E+12,0.67,16601213-4877,hendrerit.consectetuer.cursus@urnaNunc.co.uk,0.454545455,0.272727273,0.909090909,0,1,0.883109853,0.743084833,0.056098349,0.997911109,0.83905379,0.488981053,0.020487749,0.137402397,0.211734318,0.651059387,0.701281357,1,1,0,0,0,0
Neil,1.68E+12,0.66,16670817-2397,nec.imperdiet@Nuncpulvinararcu.com,0.545454545,0.909090909,0.727272727,0,1,0.764787478,0.691022308,0.625780731,0.416638118,0.952703616,0.070831057,0.798439689,0.521515971,0.840701158,0.321766084,0.30261503,0,0,1,1,0,1
Brynn,1.67E+12,0.58,16230323-1548,Mauris.ut.quam@adipiscinglacusUt.edu,0.181818182,0.272727273,0.272727273,0,0,0.656986907,0.343266292,0.226541018,0.073021696,0.837515614,0.876748752,0.793992079,0.556697084,0.911353243,0.461020404,0.966743375,0,1,1,1,0,0
Darryl,1.69E+12,0.79,16810524-2351,facilisis.magna@Quisqueporttitor.net,0.181818182,0.727272727,0.818181818,1,1,0.651991023,0.952093319,0.097469778,0.66908764,0.743969931,0.346273714,0.676898971,0.685061284,0.929358302,0.263112404,0.852689892,0,1,1,0,1,1
Minerva,1.69E+12,0.48,16680121-5333,velit.Sed@egestashendrerit.com,0.272727273,0.727272727,0.636363636,1,0,0.550528346,0.344434133,0.728818144,0.925260456,0.564845186,0.252530477,0.304428154,0.153777451,0.666740728,0.764302286,0.257934042,0,1,1,1,1,0
Neville,1.68E+12,0.42,16591105-0069,Maecenas@lectuspede.ca,0.818181818,0.181818182,0.090909091,1,1,0.738443495,0.849142442,0.370484273,0.62640972,0.278181343,0.512870375,0.652030807,0.768478824,0.477430256,0.530120944,0.753660656,0,0,0,1,1,1
Tobias,1.67E+12,0.41,16340611-0381,a@congueelit.net,0.909090909,0.363636364,0.181818182,1,0,0.72792169,0.638223269,0.072422096,0.855230745,0.617925846,0.892667206,0.334325821,0.777413912,0.712193821,0.076565634,0.544034311,0.5,0,1,0,1,1
Kevyn,1.65E+12,0.01,16361207-7663,ultricies.dignissim.lacus@necluctusfelis.net,0.272727273,0.818181818,0.727272727,0,1,0.188839895,0.405389017,0.299000538,0.344392477,0.22941843,0.697684993,0.288960414,0.487968745,0.323555065,0.262641245,0.783353679,0.5,0,1,0,1,0
Stephen,1.60E+12,0.8,16790610-2954,mi@Quisque.com,0.818181818,0.454545455,0.727272727,0,0.5,0.653186427,0.572130973,0.858124772,0.37559538,0.174630885,0.945629092,0.570762995,0.792348999,0.214323772,0.647972098,0.620127751,1,0,0,0,0,1
Rachel,1.63E+12,0.71,16120609-1611,odio@velitjustonec.net,0.636363636,0.545454545,0.636363636,0,0.5,0.377848951,0.186941623,0.913254562,0.440771591,0.647797764,0.702617031,0.903999139,0.464396252,0.50429165,0.028062355,0.382137915,0,1,0,1,1,0
Kameko,1.69E+12,0.37,16530425-9533,nec@arcuVivamussit.ca,0.909090909,0.454545455,0.818181818,0,0.5,0.92313331,0.025817076,0.241599111,0.19928212,0.723218989,0.392183512,0.371362504,0.755847679,0.495922468,0.337571677,0.788902307,0,1,0,1,0,0
Bianca,1.69E+12,0.89,16211209-7999,nibh.lacinia@non.co.uk,0.636363636,0.454545455,0.090909091,1,1,0.870738556,0.376125855,0.552970905,0.157241999,0.248319863,0.317234585,0.281321949,0.061527155,0.0448731,0.990600913,0.392825036,0.5,1,1,1,1,0
Charissa,1.70E+12,0.86,16550317-8393,sed.turpis.nec@posuerecubiliaCurae.edu,0.272727273,0.545454545,0.909090909,1,0,0.640014435,0.506775304,0.906872908,0.035064651,0.649976754,0.507065854,0.260946774,0.472729748,0.568328027,0.388638879,0.926720258,0,0,0,0,1,1
Patience,1.61E+12,0.2,16780608-9558,placerat.velit@arcueu.org,0.545454545,0.545454545,0.181818182,1,0,0.291407757,0.334996747,0.168804066,0.155240089,0.49181655,0.720980413,0.960050891,0.299979383,0.850452671,0.742778643,0.233013879,0.5,1,1,0,0,1
Yetta,1.63E+12,0.64,16380105-1883,nec.ante@Maurismolestie.net,0.818181818,0.727272727,0.909090909,1,0.5,0.891500231,0.540091854,0.06202282,0.588643547,0.377163673,0.738202859,0.353639553,0.321178572,0.958538074,0.892532282,0.624481698,0,0,1,0,0,1
Zena,1.64E+12,0.09,16260229-2290,magna.Sed.eu@Vivamusrhoncus.net,0.909090909,0.727272727,0.363636364,0,0,0.399625591,0.42579024,0.061092877,0.511976052,0.907354341,0.492739591,0.106140523,0.449553553,0.848978516,0.597498228,0.471656243,0.5,1,0,1,1,0
Leah,1.61E+12,0.73,16990423-9846,elit.Nulla.facilisi@augueac.net,0.272727273,0.363636364,0.363636364,1,0.5,0.222525459,0.050961203,0.383812987,0.886137976,0.408395103,0.993167998,0.806676383,0.73444325,0.364924911,0.104959495,0.503053021,0,0,1,0,1,0
Alan,1.62E+12,0.27,16480504-2266,eget.volutpat.ornare@ullamcorper.edu,0.272727273,0.909090909,0.909090909,0,0.5,0.351166646,0.080279256,0.794404776,0.028193,0.003240675,0.812346472,0.514637605,0.684615447,0.850425777,0.252153076,0.22486505,0.5,1,1,1,0,0
Magee,1.64E+12,0.74,16930724-7354,dapibus.ligula@Etiamligulatortor.com,0.727272727,0.545454545,0.636363636,0,1,0.851612103,0.955503167,0.341625133,0.763969239,0.011913224,0.416137565,0.980771481,0.750524359,0.438245854,0.953664192,0.377337893,0.5,0,1,1,0,0
Vaughan,1.68E+12,0.27,16800223-8403,id.enim.Curabitur@Nam.org,0.909090909,0.727272727,0.181818182,1,0.5,0.895278157,0.032229055,0.117973748,0.575094891,0.581305435,0.352882419,0.325455368,0.474852774,0.033030016,0.921872877,0.981331097,0.5,0,1,0,1,0
Joel,1.65E+12,0.95,16480715-3996,et@Proinvelnisl.net,0.636363636,0.636363636,0.636363636,0,1,0.009134686,0.954029054,0.236626354,0.542263828,0.98236597,0.994376048,0.77095133,0.52242197,0.734460158,0.927866247,0.185892346,0,1,0,0,1,1
Mallory,1.63E+12,0.97,16910825-6448,eu@Cras.com,0.545454545,1,0.181818182,0,1,0.897138926,0.433681455,0.991135688,0.480847256,0.115985906,0.170777558,0.215602398,0.228324388,0.461865906,0.592164537,0.936893178,0.5,0,1,1,1,1
Katelyn,1.68E+12,0.9,16210228-4474,dictum.magna@dui.org,0.545454545,0.636363636,0.363636364,0,0.5,0.294238381,0.288017841,0.043644515,0.750134636,0.038378355,0.489954865,0.363301366,0.243060858,0.778286837,0.581296406,0.178118962,1,1,0,1,0,0
Shellie,1.66E+12,0.68,16611116-4395,ullamcorper.Duis.at@vestibulumneceuismod.com,0.818181818,0.727272727,0.636363636,1,1,0.522154433,0.053723265,0.562287637,0.104559543,0.446472255,0.692843949,0.568054441,0.339183221,0.928523173,0.068135248,0.540950936,0.5,0,1,1,1,0
Brett,1.69E+12,0.72,16381006-1048,ultricies.adipiscing@lectus.com,0.545454545,0.181818182,0.818181818,0,1,0.646262109,0.70872984,0.713857656,0.716827437,0.290901567,0.302853388,0.084080912,0.177904748,0.518111139,0.732510343,0.756531851,0.5,1,0,1,0,1
Adara,1.64E+12,0.77,16780103-7818,nec.quam.Curabitur@Maecenas.edu,0.181818182,0.454545455,0.909090909,0,0,0.745209929,0.094946606,0.936884245,0.855124491,0.179188524,0.097763014,0.955315681,0.486941927,0.592709022,0.717676431,0.79640544,0,1,0,0,0,0
Quinn,1.61E+12,0.55,16570516-1320,Proin.eget@Pellentesque.net,0.727272727,0.363636364,0.636363636,1,0.5,0.76559945,0.287381995,0.968039196,0.397985237,0.092130452,0.421347582,0.971401451,0.419840714,0.467236542,0.924461734,0.60015204,0,1,0,1,1,0
Carson,1.64E+12,0.66,16860824-9648,nec.imperdiet@Morbi.net,0.272727273,0.909090909,0.181818182,0,0.5,0.327642011,0.147717355,0.481450409,0.746833241,0.983258126,0.516746951,0.48152475,0.405903481,0.358652349,0.905201687,0.913089647,0.5,1,0,0,0,1
Cameron,1.67E+12,0.89,16260802-8185,cubilia.Curae.Phasellus@Nullam.co.uk,0.090909091,0.545454545,0.818181818,0,0.5,0.900601085,0.507896504,0.137095271,0.952318472,0.688772559,0.379583071,0.221224017,0.194268397,0.157944065,0.309856033,0.2777005,0,0,1,0,1,1
Kaye,1.63E+12,0.61,16471015-5856,pede.Cras.vulputate@natoquepenatibuset.com,0.363636364,1,1,0,1,0.294463929,0.920350406,0.827927669,0.8866962,0.046933454,0.213338688,0.428261384,0.698026631,0.418136993,0.077985486,0.34165125,1,1,0,1,1,1
Cooper,1.64E+12,0.7,16831116-1106,pede@tellusNunc.net,0.181818182,0.727272727,0.818181818,0,0.5,0.211879603,0.87309489,0.431338558,0.328192111,0.39879199,0.578656887,0.816055547,0.384691516,0.819102712,0.836023981,0.144955282,1,1,0,0,1,1
Camden,1.63E+12,0.44,16040204-5561,fringilla.est@Donec.co.uk,0.454545455,0.090909091,0.272727273,0,0.5,0.152289874,0.175181517,0.681276646,0.298134916,0.204992531,0.979574575,0.297833631,0.505811333,0.525132798,0.230356218,0.721169738,0,1,1,1,0,0
Dorothy,1.66E+12,0.36,16770605-1542,lorem@elementum.org,0.090909091,0.636363636,0.272727273,1,0,0.2811115,0.736184154,0.247077912,0.048998237,0.241574172,0.935003316,0.063231821,0.391944624,0.513295181,0.193043758,0.23064087,0.5,0,1,0,1,0
Caleb,1.67E+12,0.96,16581020-0518,Curabitur@semmolestie.com,0.818181818,0.454545455,0.272727273,0,0.5,0.872001624,0.64330448,0.514234969,0.449595336,0.146290979,0.927273649,0.381007796,0.072560244,0.352253025,0.829095315,0.391873376,1,0,0,1,1,0
Oprah,1.65E+12,0.03,16400713-1883,eros.turpis@neceuismodin.ca,0.272727273,0.909090909,0.363636364,1,1,0.812017187,0.340837814,0.07560908,0.125096944,0.859512769,0.400643105,0.978984915,0.03692857,0.994192351,0.404629782,0.498602885,0.5,1,1,0,1,0
Hasad,1.63E+12,0.06,16900214-6497,volutpat.Nulla@mattisCras.co.uk,0.454545455,0.818181818,0.727272727,0,1,0.619951958,0.397844604,0.687098771,0.346151528,0.984260811,0.954719271,0.727280669,0.976964387,0.578387702,0.555777545,0.682104151,1,0,1,1,1,1
Donna,1.64E+12,0.82,16190421-0737,In@auctorvelit.edu,0.090909091,0.545454545,0.636363636,1,1,0.843368331,0.083008125,0.424361568,0.641652042,0.400002584,0.161330654,0.5475979,0.006210487,0.420195735,0.046975415,0.371004444,0,0,0,0,1,1
Rajah,1.64E+12,0.88,16481121-7316,consequat@Proinvel.com,0.727272727,0.181818182,0.636363636,0,1,0.657223732,0.959338422,0.072743229,0.063417057,0.523680066,0.44359374,0.694068759,0.781188647,0.54263985,0.23596176,0.540257926,0.5,0,0,0,1,0
Arden,1.64E+12,0.88,16981015-5987,libero.lacus@molestie.com,0.090909091,0.272727273,0.454545455,1,0,0.839218251,0.052203802,0.878525272,0.333156185,0.430903897,0.856625759,0.569074424,0.286453745,0.203743933,0.46333304,0.528377482,0.5,1,0,1,0,0
Charles,1.61E+12,0.16,16250615-1345,tincidunt.aliquam@tellus.org,0.727272727,0.181818182,0.636363636,1,0,0.104315857,0.163202938,0.448270735,0.558499849,0.29703953,0.740350509,0.918477202,0.055364631,0.23687254,0.860176748,0.300742737,1,1,0,0,0,1
Molly,1.69E+12,0.2,16830422-4325,ligula@fringillaeuismodenim.net,0.727272727,0.363636364,0.363636364,0,1,0.678098181,0.662774636,0.475635698,0.491796299,0.735194071,0.354109065,0.80810544,0.293798017,0.400605414,0.41384552,0.322898697,0.5,1,1,0,1,1
Odette,1.61E+12,0.17,16340708-7778,a.arcu@sedturpis.ca,0.909090909,0.272727273,0.909090909,1,1,0.971423094,0.893315968,0.579894968,0.454904466,0.633014336,0.895704593,0.849427948,0.808278478,0.172249746,0.505281921,0.551471621,1,0,1,1,0,1
Kendall,1.66E+12,0.95,16200508-6265,lorem.sit.amet@quamelementum.org,0.363636364,0.636363636,0.818181818,1,0,0.180956999,0.937632494,0.656542347,0.196599485,0.253472295,0.94430791,0.765124601,0.466814873,0.628332743,0.107808827,0.391580193,0.5,1,1,0,0,0
Jesse,1.67E+12,0.17,16510217-3837,facilisi.Sed@egetvolutpatornare.edu,0.818181818,0.181818182,0.090909091,1,0.5,0.069062736,0.451786975,0.932269538,0.891293891,0.61729482,0.332303195,0.296414334,0.837879253,0.848818174,0.793186929,0.159757948,1,1,1,0,1,1
Tanisha,1.67E+12,0.51,16321209-7137,convallis.erat.eget@necdiamDuis.org,0.090909091,0.545454545,0.909090909,1,0.5,0.42918363,0.887193818,0.568752249,0.73415933,0.81037998,0.009468455,0.013788118,0.794458407,0.468910531,0.957573106,0.233334864,0.5,0,1,0,1,1
Duncan,1.66E+12,0.75,16010207-9209,interdum.Nunc@ullamcorperDuis.edu,0.909090909,0.727272727,0.636363636,0,0.5,0.174190565,0.253424594,0.790690967,0.586451209,0.242014393,0.536578293,0.138711464,0.795509725,0.267390267,0.597067235,0.258082775,0,0,1,0,1,1
Tashya,1.65E+12,0.14,16630314-5566,cursus.purus.Nullam@tristiquepellentesquetellus.ca,0.818181818,0.818181818,0.636363636,0,0,0.162078649,0.735276258,0.456044305,0.822266892,0.537342695,0.1223208,0.707159855,0.332747192,0.942811539,0.278962879,0.955446972,1,1,0,1,1,0
Martin,1.62E+12,1,16190209-9777,vehicula.risus.Nulla@egestasblanditNam.net,0.454545455,0.545454545,0.545454545,0,0,0.308695995,0.376818742,0.096072532,0.10171741,0.782677823,0.898520976,0.399128363,0.891894771,0.312292491,0.440062247,0.132431764,0.5,1,0,1,1,1
Rose,1.62E+12,0.33,16490512-3040,egestas.a@orcitincidunt.co.uk,0.545454545,0.636363636,0.090909091,1,0.5,0.133873896,0.913584566,0.722104277,0.035213706,0.214851515,0.573196513,0.396709446,0.254922832,0.390813038,0.998561249,0.113524621,0,1,1,0,1,1
Colt,1.68E+12,0.32,16691201-2736,Sed.eget@lacusvestibulumlorem.co.uk,0.818181818,0.454545455,0.181818182,0,0,0.489833433,0.988601969,0.448213744,0.61956195,0.31600144,0.851070709,0.506021162,0.262084136,0.585330571,0.720702489,0.888514021,0,1,1,1,0,0
Victoria,1.65E+12,0.78,16741202-9980,eget.laoreet@aliquet.edu,0.909090909,0.818181818,0.636363636,0,0.5,0.04510956,0.617005094,0.381358169,0.429564963,0.519967838,0.59673159,0.101289771,0.924095985,0.894746282,0.06362915,0.676648314,0,0,1,0,0,0
Nadine,1.69E+12,0.68,16550415-7156,metus@hendrerit.ca,0.363636364,0.090909091,1,1,0,0.620414331,0.768217422,0.120776309,0.945932765,0.105296302,0.828745969,0.399923392,0.311364584,0.049881483,0.379903354,0.185813303,0.5,0,1,0,0,0
Fritz,1.61E+12,0.29,16690928-8141,ipsum.dolor.sit@egetlaoreet.com,0.363636364,0.818181818,0.181818182,0,1,0.37659716,0.223641915,0.156640807,0.091827838,0.470947392,0.288863486,0.649440597,0.02980155,0.568770836,0.613965092,0.029658549,0.5,1,0,1,1,1
Elizabeth,1.68E+12,0.66,16440224-2053,libero@Integervulputate.com,1,0.909090909,0.363636364,1,0.5,0.12426556,0.601771824,0.17219009,0.501562881,0.946694592,0.531724541,0.925470181,0.383809162,0.658296509,0.217738758,0.458335055,0.5,1,1,1,1,0
Harding,1.64E+12,0.6,16100325-9379,cursus@sed.com,0.181818182,0.545454545,0.181818182,0,0,0.890237164,0.931376033,0.717895511,0.857359221,0.332818585,0.576013994,0.742640551,0.611597432,0.800067949,0.614981788,0.578936532,0.5,0,0,0,1,1
Benjamin,1.65E+12,0.38,16470701-5840,Cras@bibendumDonec.net,0.636363636,1,0.909090909,1,0,0.525650423,0.817835751,0.917654348,0.737110518,0.826771755,0.039849667,0.988114906,0.406984011,0.110842121,0.116799213,0.088119763,1,1,0,1,1,1
Winter,1.62E+12,0.99,16391226-5976,fermentum.convallis.ligula@habitantmorbitristique.ca,0.454545455,0.636363636,0.181818182,1,0,0.843052564,0.875638876,0.151433992,0.721264986,0.614128363,0.001488806,0.246398405,0.819110162,0.477378254,0.616816851,0.305534282,0.5,1,0,1,0,0
Astra,1.63E+12,0.49,16540808-6626,lobortis.quam@montesnascetur.ca,0.454545455,0.545454545,0.909090909,1,1,0.512016059,0.520037153,0.634203341,0.189703498,0.463824375,0.645442513,0.540804217,0.565133951,0.416434653,0.6832656,0.499938426,0,0,0,0,1,1
Jaquelyn,1.64E+12,0.17,16601112-3657,auctor.nunc@Utnecurna.org,0.454545455,0.454545455,0.727272727,0,0,0.809378277,0.75722229,0.040201955,0.866750923,0.655274651,0.68489146,0.511218357,0.956578438,0.199109124,0.441065556,0.074614944,1,1,0,1,0,0
Lesley,1.69E+12,0.23,16300429-2888,turpis.egestas.Fusce@euenimEtiam.org,0.363636364,0.272727273,0.636363636,1,0.5,0.398926392,0.575101174,0.945601467,0.364811397,0.422898667,0.373591189,7.11E-06,0.773506899,0.632926682,0.329929044,0.865757484,0.5,0,0,1,0,0
Paki,1.66E+12,0.42,16120707-6389,adipiscing.Mauris@enimsit.ca,0.454545455,0.272727273,0.454545455,1,0.5,0.415447769,0.37613645,0.187671551,0.908582987,0.436695601,0.09184133,0.914241872,0.453312218,0.007712251,0.894696413,0.493653169,0,0,0,1,1,1
Scott,1.62E+12,0.28,16630603-2605,ac.mi@in.edu,0.909090909,0.454545455,0.636363636,1,0.5,0.397629493,0.775477529,0.054122821,0.776062061,0.053557361,0.444880191,0.087722623,0.798895718,0.87906575,0.030833758,0.351556362,0,0,1,1,1,0
Caldwell,1.63E+12,0.2,16281110-4823,felis.Donec@Proin.net,0.818181818,0.909090909,0.818181818,1,0.5,0.007894173,0.667576972,0.266154716,0.898079472,0.534157859,0.867304404,0.021195398,0.271829507,0.368098329,0.363487871,0.46386745,0,1,1,1,1,0
Salvador,1.66E+12,0.31,16170909-4062,fermentum.vel@volutpatNulla.edu,0.181818182,0.818181818,0.909090909,1,0.5,0.432972833,0.242487345,0.947131698,0.071027629,0.050441321,0.264391658,0.050569157,0.68196371,0.032616695,0.740190389,0.377430024,0,1,0,1,1,0
Halee,1.62E+12,0.97,16871002-1117,adipiscing.lobortis.risus@velpede.co.uk,0.272727273,0.545454545,0.636363636,1,1,0.938267567,0.959713962,0.517161577,0.622183493,0.419030874,0.482249745,0.977241062,0.537022391,0.256510604,0.58140604,0.075249041,0.5,0,1,0,1,1
Megan,1.69E+12,0.95,16890307-5862,sit.amet.orci@a.org,1,0.181818182,0.090909091,1,1,0.719520034,0.945748651,0.673197344,0.493104005,0.933145087,0.905829801,0.930725391,0.754383706,0.639440951,0.837290817,0.964332879,0,1,0,0,0,0
Melyssa,1.66E+12,0.52,16270319-9428,Sed@eratvel.edu,0.909090909,0.181818182,0.818181818,1,0.5,0.592536623,0.350707831,0.498433024,0.917217286,0.304898469,0.811141372,0.525908658,0.68588799,0.955235134,0.554326642,0.520409543,0,0,0,1,1,1
Ivor,1.66E+12,0.52,16780625-5282,pede.et@risus.net,0.090909091,0.454545455,0.454545455,0,0.5,0.93851567,0.735428118,0.345539312,0.784234607,0.733158883,0.685973178,0.870913041,0.375844063,0.989819401,0.044024682,0.952813898,1,0,1,1,1,0
Upton,1.68E+12,0.49,16201116-1169,lobortis@nuncullamcorper.net,0.454545455,0.272727273,0.727272727,0,0,0.396524308,0.583109607,0.037236966,0.10877157,0.31717271,0.025642083,0.578554129,0.629605695,0.552718051,0.918973106,0.931838191,0.5,0,1,0,1,1
Thor,1.60E+12,0.35,16690717-3212,nulla.Integer.urna@Integervitaenibh.co.uk,0.545454545,0.272727273,0.454545455,1,0.5,0.428450599,0.794776813,0.495398988,0.474185917,0.200570451,0.414548237,0.182350743,0.397074078,0.678146266,0.803115971,0.925527633,1,0,0,0,0,0
Lani,1.67E+12,0.89,16830410-7264,congue.elit@Fuscealiquet.edu,0.636363636,0.545454545,0.272727273,0,0,0.663223304,0.422719808,0.023191578,0.54504533,0.295726702,0.771060297,0.048283559,0.968280578,0.905213076,0.043837592,0.531915667,0.5,1,1,0,0,0
Drew,1.62E+12,0.51,16441121-5835,pede.Praesent@orciconsectetuereuismod.edu,0.454545455,0.181818182,0.727272727,0,0.5,0.660437788,0.034217473,0.844824814,0.106458621,0.142974582,0.683411261,0.804671305,0.786569955,0.454194751,0.719954348,0.660522484,1,1,1,0,1,0
Ethan,1.68E+12,0.33,16431127-3884,nec.tempus.scelerisque@molestie.net,0.909090909,0.181818182,0.454545455,0,0,0.903194885,0.691045005,0.128944958,0.270754862,0.246054021,0.237124048,0.695307872,0.964458466,0.75830369,0.113215285,0.418170187,1,1,1,1,1,1
Ivana,1.61E+12,0.96,16900713-9711,elit.dictum@gravidaAliquamtincidunt.net,0.454545455,0.636363636,0.818181818,0,0,0.966528707,0.820429762,0.153179503,0.068546166,0.71316845,0.105615258,0.999986356,0.852420214,0.777393303,0.705351787,0.969292681,0,0,1,0,1,0
Natalie,1.70E+12,0.51,16781213-8761,porttitor.tellus@liberoProin.co.uk,0.454545455,0.363636364,0.909090909,0,0,0.784071814,0.17110493,0.957492835,0.892574511,0.333237641,0.571507647,0.835845312,0.270759691,0.023548675,0.952664919,0.578101352,1,1,0,1,0,0
Emi,1.64E+12,0.47,16231027-7658,euismod.in@Morbinonsapien.com,0.272727273,0.636363636,0.818181818,0,1,0.03793714,0.868407265,0.440615317,0.080773322,0.615054549,0.267419293,0.646263733,0.542782226,0.114160147,0.705063612,0.303722987,1,1,1,0,0,0
Eve,1.67E+12,0.63,16771103-7650,fames@euarcuMorbi.co.uk,0.818181818,0.181818182,0.545454545,0,1,0.744488176,0.777790189,0.997220034,0.402635455,0.233469147,0.377722882,0.696626465,0.076165119,0.160105207,0.105505762,0.212490298,0,1,1,1,0,0
Aspen,1.66E+12,0.57,16480721-6439,tincidunt@quamelementumat.ca,0.181818182,0.727272727,1,1,1,0.552186122,0.054324116,0.295553142,0.821934683,0.037994094,0.656659593,0.80909472,0.138136486,0.426575808,0.011736117,0.736850472,0,1,1,0,1,1
Pamela,1.69E+12,0.96,16391008-9014,vehicula.aliquet@montesnascetur.co.uk,0.272727273,0.272727273,0.909090909,0,0.5,0.11610073,0.204778345,0.695347085,0.71248012,0.366007908,0.15170712,0.506925852,0.42987536,0.077044836,0.435154588,0.368955523,0,0,0,0,1,1
Oliver,1.62E+12,0.84,16241223-5604,nonummy.ac.feugiat@necenim.com,0.181818182,0.454545455,0.818181818,1,0,0.438476199,0.614223856,0.175773547,0.433810497,0.295573076,0.602078699,0.954575132,0.452216792,0.355141485,0.166714337,0.556562815,0.5,1,1,0,1,1
Leo,1.66E+12,0.78,16450816-3278,a.tortor.Nunc@sem.com,0.727272727,0.909090909,0.727272727,1,1,0.336844361,0.926441867,0.947707865,0.433934467,0.696432207,0.633933456,0.98813735,0.191653075,0.708106248,0.99168685,0.8518897,0.5,1,1,0,0,1
Myles,1.69E+12,0.64,16340715-5971,velit.in.aliquet@ipsum.org,0.272727273,0.727272727,0.636363636,1,0.5,0.898977141,0.635253482,0.499727361,0.014955084,0.689074199,0.805333287,0.085746545,0.712505561,0.056806712,0.669200455,0.871270569,0.5,0,1,1,0,0
Bruce,1.60E+12,0.56,16810101-6981,egestas@consequatenimdiam.edu,0.181818182,0.727272727,0.909090909,1,0,0.462609814,0.712840145,0.693161834,0.197056673,0.849581607,0.961815808,0.749297748,0.380126168,0.443125133,0.447410971,0.716892205,0,0,0,1,1,0
Beatrice,1.62E+12,0.55,16770416-3216,a@Donec.org,0.727272727,0.727272727,0.818181818,0,0.5,0.41125258,0.832901825,0.570267604,0.489770692,0.264548055,0.02064267,0.484494858,0.732334169,0.411996199,0.989929937,0.178370983,0,0,0,0,0,1
Eric,1.60E+12,0.98,16730322-5697,morbi.tristique@imperdietnonvestibulum.net,0.363636364,0.181818182,0.181818182,0,1,0.179795428,0.435191056,0.572902475,0.450002517,0.730079709,0.471570348,0.525202094,0.960703343,0.299521527,0.579965823,0.429185499,1,0,1,1,0,1
Ava,1.67E+12,0.74,16810209-4458,nibh.sit.amet@Aenean.com,0.727272727,0.727272727,0.363636364,0,0.5,0.712595717,0.551876134,0.884470558,0.978716603,0.120610346,0.938727487,0.280634864,0.125004666,0.756727559,0.925615463,0.841571576,0.5,0,1,1,0,0
Darrel,1.65E+12,0.33,16600218-3504,sed.dolor@tincidunt.co.uk,0.363636364,0.636363636,0.363636364,0,0.5,0.175239363,0.115808423,0.513665502,0.66249429,0.107567795,0.246785679,0.471967717,0.268152846,0.937244312,0.999661242,0.359811236,0,0,0,0,0,1
Kyra,1.61E+12,0.52,16961224-4070,Nulla.aliquet@velitAliquamnisl.com,0.454545455,0.181818182,0.727272727,0,0.5,0.60745661,0.361565924,0.221807274,0.201789588,0.771583529,0.846453667,0.702999747,0.646076576,0.885204769,0.057725238,0.587726084,0,0,0,0,1,0
Claire,1.63E+12,0.69,16300426-9753,iaculis.nec.eleifend@etrutrumeu.ca,0.181818182,0.454545455,0.272727273,0,0.5,0.75786316,0.550064675,0.849785699,0.210581178,0.971251842,0.982169554,0.322757271,0.907927381,0.739538602,0.531839537,0.478459142,1,1,0,0,0,0
Xena,1.68E+12,0.59,16550207-4098,quis.diam@nonenimcommodo.co.uk,0.545454545,0.090909091,0.818181818,0,1,0.94823678,0.584649063,0.124685282,0.470995455,0.008279966,0.775807636,0.19496918,0.523717144,0.877586136,0.42657409,0.976756849,1,1,1,1,0,1
Colorado,1.69E+12,0.62,16620308-5375,eget.volutpat@Duis.edu,0.272727273,0.181818182,0.545454545,1,0.5,0.728113405,0.277243353,0.620761535,0.023583173,0.365863504,0.344488734,0.449612585,0.574392008,0.147183249,0.624200952,0.416648113,0,1,1,1,1,1
Keith,1.65E+12,0.37,16480912-8582,non@Curabiturvel.com,0.363636364,0.181818182,0.727272727,0,1,0.739988497,0.91230627,0.215236277,0.156526276,0.942533293,0.400095315,0.509314133,0.30800107,0.928332596,0.303485128,0.718326063,1,1,1,1,1,1
